{"cameraMode":{"drawMode":0,"name":"Shaded","section":"Shading Mode"},"sceneLighting":false,"audioPlay":false,"sceneViewState":{"showFog":false,"showMaterialUpdate":false,"showSkybox":false,"showFlares":false,"showImageEffects":false,"showParticleSystems":true},"in2DMode":false,"pivot":{"x":258.2005615234375,"y":0.5028166770935059,"z":37.80593490600586},"rotation":{"x":-0.3004547357559204,"y":-0.2141789346933365,"z":0.06943317502737045,"w":-0.926840603351593},"size":13.804301261901856,"orthographic":false}